INSERT INTO `destoon_ad` VALUES (1, '网站首页图片轮播1', 14, 5, 0, 0, '', 'https://www.destoon.com/', '', 0, 'destoon', 1441722055, 'destoon', 1582247421, 1262275200, 2524233599, 1, '', '', '', '', '', '', 'static/image/player_1.jpg', 'https://www.destoon.com/', '', '', '', 1, 1, 0, 0, '', 0, 0, 3);
INSERT INTO `destoon_ad` VALUES (2, '网站首页图片轮播2', 14, 5, 0, 0, '', 'https://www.destoon.com/', '', 0, 'destoon', 1441722055, 'destoon', 1582247408, 1262275200, 2524233599, 1, '', '', '', '', '', '', 'static/image/player_2.jpg', 'https://www.destoon.com/', '', '', '', 1, 1, 0, 0, '', 0, 0, 3);
INSERT INTO `destoon_ad` VALUES (3, '首页旗帜A1', 21, 3, 0, 0, '', 'https://www.destoon.com/', '', 0, 'destoon', 1441722055, 'destoon', 1582247469, 1262275200, 2524233599, 1, '', '', '', '', '', '', 'static/image/a1.jpg', 'https://www.destoon.com/', '', '', '', 1, 1, 0, 0, '', 0, 0, 3);
INSERT INTO `destoon_ad` VALUES (4, '首页旗帜A2', 22, 3, 0, 0, '', 'https://www.destoon.com/', '', 0, 'destoon', 1441722055, 'destoon', 1582247483, 1262275200, 2524233599, 1, '', '', '', '', '', '', 'static/image/a2.jpg', 'https://www.destoon.com/', '', '', '', 1, 1, 0, 0, '', 0, 0, 3);
INSERT INTO `destoon_ad` VALUES (5, '首页旗帜A3', 23, 3, 0, 0, '', 'https://www.destoon.com/', '', 0, 'destoon', 1441722055, 'destoon', 1519973909, 1262275200, 2208614399, 1, '', '', '', '', '', '', 'static/image/a3.jpg', 'https://www.destoon.com/', '', '', '', 1, 1, 0, 0, '', 0, 0, 3);
INSERT INTO `destoon_ad` VALUES (6, '首页旗帜A4', 24, 3, 0, 0, '', 'https://www.destoon.com/', '', 0, 'destoon', 1441722055, 'destoon', 1519973922, 1262275200, 2208614399, 1, '', '', '', '', '', '', 'static/image/a4.jpg', 'https://www.destoon.com/', '', '', '', 1, 1, 0, 0, '', 0, 0, 3);
INSERT INTO `destoon_ad` VALUES (7, '首页旗帜A5', 25, 3, 0, 0, '', 'https://www.destoon.com/', '', 0, 'destoon', 1441722055, 'destoon', 1519973943, 1262275200, 2208614399, 1, '', '', '', '', '', '', 'static/image/a5.jpg', 'https://www.destoon.com/', '', '', '', 1, 1, 0, 0, '', 0, 0, 3);

INSERT INTO `destoon_ad_place` VALUES ('1','5','6','1','0','供应排名','','','','','0','0','0','0','0','1367129092','destoon','1367129092','','');
INSERT INTO `destoon_ad_place` VALUES ('2','6','6','1','0','求购排名','','','','','0','0','0','0','0','1367129092','destoon','1367129092','','');
INSERT INTO `destoon_ad_place` VALUES ('3','16','6','1','0','商城排名','','','','','0','0','0','0','0','1367129092','destoon','1367129092','','');
INSERT INTO `destoon_ad_place` VALUES ('4','4','6','1','0','公司排名','','','','','0','0','0','0','0','1367129092','destoon','1367129092','','');
INSERT INTO `destoon_ad_place` VALUES ('14','0','5','1','0','首页图片轮播','','','','','660','300','0','2','0','1367129092','destoon','1367132316','','');
INSERT INTO `destoon_ad_place` VALUES ('15','5','7','1','0','供应赞助商链接','','','','','0','0','0','0','0','1367129092','destoon','1367129092','','');
INSERT INTO `destoon_ad_place` VALUES ('17','4','7','1','0','公司赞助商链接','','','','','0','0','0','0','0','1367129092','destoon','1367129092','','');
INSERT INTO `destoon_ad_place` VALUES ('18','0','7','1','0','求购赞助商链接','','','','','0','0','0','0','0','1367129092','destoon','1367129092','','');
INSERT INTO `destoon_ad_place` VALUES ('19','8','7','1','0','展会赞助商链接','','','','','0','0','0','0','0','1367129092','destoon','1367129092','','');
INSERT INTO `destoon_ad_place` VALUES ('21','0','3','1','0','首页旗帜A1','','','','','116','212','0','1','0','1367129092','destoon','1367129092','','');
INSERT INTO `destoon_ad_place` VALUES ('22','0','3','1','0','首页旗帜A2','','','','','116','212','0','1','0','1367129092','destoon','1367129092','','');
INSERT INTO `destoon_ad_place` VALUES ('23','0','3','1','0','首页旗帜A3','','','','','116','212','0','1','0','1367129092','destoon','1367129092','','');
INSERT INTO `destoon_ad_place` VALUES ('24','0','3','1','0','首页旗帜A4','','','','','116','212','0','1','0','1367129092','destoon','1367129092','','');
INSERT INTO `destoon_ad_place` VALUES ('25','0','3','1','0','首页旗帜A5','','','','','116','212','0','1','0','1367129092','destoon','1367129092','','');

INSERT INTO `destoon_admin` VALUES (1, 1, 0, '网站设置', '?file=setting', '', 0, '', '', '', 0);
INSERT INTO `destoon_admin` VALUES (2, 1, 0, '模块管理', '?file=module', '', 0, '', '', '', 0);
INSERT INTO `destoon_admin` VALUES (3, 1, 0, '更新数据', '?file=html', '', 0, '', '', '', 0);
INSERT INTO `destoon_admin` VALUES (4, 1, 0, '数据维护', '?file=database', '', 0, '', '', '', 0);
INSERT INTO `destoon_admin` VALUES (5, 1, 0, '文件维护', '?file=patch', '', 0, '', '', '', 0);
INSERT INTO `destoon_admin` VALUES (6, 1, 0, '模板管理', '?file=template', '', 0, '', '', '', 0);
INSERT INTO `destoon_admin` VALUES (7, 1, 0, '会员管理', '?moduleid=2', '', 0, '', '', '', 0);
INSERT INTO `destoon_admin` VALUES (8, 1, 0, '单页管理', '?moduleid=3&file=webpage', '', 0, '', '', '', 0);
INSERT INTO `destoon_admin` VALUES (0, 1, 0, '广告管理', '?moduleid=3&file=ad', '', 0, '', '', '', 0);
INSERT INTO `destoon_admin` VALUES (10, 1, 0, '流量统计', '?file=stats', '', 0, '', '', '', 0);
INSERT INTO `destoon_admin` VALUES (11, 1, 0, '系统体检', '?file=doctor', '', 0, '', '', '', 0);
INSERT INTO `destoon_admin` VALUES (12, 1, 0, '应用商店', '?file=cloud&action=store', '', 0, '', '', '', 0);

INSERT INTO `destoon_area` VALUES ('1','默认地区','0','0','0','1','1');

INSERT INTO `destoon_category` VALUES (1, 16, '商城默认分类', '', '1', 'list.php?catid=1', '', '', '', '', '', 0, 0, 0, 0, 0, 0, '', '', '', '', '', '', '', '', 0);
INSERT INTO `destoon_category` VALUES (2, 5, '供应默认分类', '', '2', 'list.php?catid=2', '', '', '', '', '', 0, 0, 0, 0, 0, 0, '', '', '', '', '', '', '', '', 0);
INSERT INTO `destoon_category` VALUES (3, 6, '求购默认分类', '', '3', 'list.php?catid=3', '', '', '', '', '', 0, 0, 0, 0, 0, 0, '', '', '', '', '', '', '', '', 0);
INSERT INTO `destoon_category` VALUES (4, 4, '公司默认分类', '', '4', 'list.php?catid=4', '', '', '', '', '', 0, 0, 0, 0, 0, 0, '', '', '', '', '', '', '', '', 0);
INSERT INTO `destoon_category` VALUES (5, 17, '团购默认分类', '', '5', 'list.php?catid=5', '', '', '', '', '', 0, 0, 0, 0, 0, 0, '', '', '', '', '', '', '', '', 0);
INSERT INTO `destoon_category` VALUES (6, 7, '行情默认分类', '', '6', 'list.php?catid=6', '', '', '', '', '', 0, 0, 0, 0, 0, 0, '', '', '', '', '', '', '', '', 0);
INSERT INTO `destoon_category` VALUES (7, 8, '展会默认分类', '', '7', 'list.php?catid=7', '', '', '', '', '', 0, 0, 0, 0, 0, 0, '', '', '', '', '', '', '', '', 0);
INSERT INTO `destoon_category` VALUES (8, 21, '资讯默认分类', '', '8', 'list.php?catid=8', '', '', '', '', '', 0, 0, 0, 0, 0, 0, '', '', '', '', '', '', '', '', 0);
INSERT INTO `destoon_category` VALUES (9, 22, '招商默认分类', '', '9', 'list.php?catid=9', '', '', '', '', '', 0, 0, 0, 0, 0, 0, '', '', '', '', '', '', '', '', 0);
INSERT INTO `destoon_category` VALUES (10, 13, '品牌默认分类', '', '10', 'list.php?catid=10', '', '', '', '', '', 0, 0, 0, 0, 0, 0, '', '', '', '', '', '', '', '', 0);
INSERT INTO `destoon_category` VALUES (11, 9, '招聘默认分类', '', '11', 'list.php?catid=11', '', '', '', '', '', 0, 0, 0, 0, 0, 0, '', '', '', '', '', '', '', '', 0);
INSERT INTO `destoon_category` VALUES (12, 19, '简历默认分类', '', '12', 'list.php?catid=12', '', '', '', '', '', 0, 0, 0, 0, 0, 0, '', '', '', '', '', '', '', '', 0);
INSERT INTO `destoon_category` VALUES (13, 10, '知道默认分类', '', '13', 'list.php?catid=13', '', '', '', '', '', 0, 0, 0, 0, 0, 0, '', '', '', '', '', '', '', '', 0);
INSERT INTO `destoon_category` VALUES (14, 11, '专题默认分类', '', '14', 'list.php?catid=14', '', '', '', '', '', 0, 0, 0, 0, 0, 0, '', '', '', '', '', '', '', '', 0);
INSERT INTO `destoon_category` VALUES (15, 12, '图库默认分类', '', '15', 'list.php?catid=15', '', '', '', '', '', 0, 0, 0, 0, 0, 0, '', '', '', '', '', '', '', '', 0);
INSERT INTO `destoon_category` VALUES (16, 14, '视频默认分类', '', '16', 'list.php?catid=16', '', '', '', '', '', 0, 0, 0, 0, 0, 0, '', '', '', '', '', '', '', '', 0);
INSERT INTO `destoon_category` VALUES (17, 15, '下载默认分类', '', '17', 'list.php?catid=17', '', '', '', '', '', 0, 0, 0, 0, 0, 0, '', '', '', '', '', '', '', '', 0);
INSERT INTO `destoon_category` VALUES (18, 18, '商圈默认分类', '', '18', 'list.php?catid=18', '', '', '', '', '', 0, 0, 0, 0, 0, 0, '', '', '', '', '', '', '', '', 0);
INSERT INTO `destoon_category` VALUES (19, 20, '动态默认分类', '', '19', 'list.php?catid=19', '', '', '', '', '', 0, 0, 0, 0, 0, 0, '', '', '', '', '', '', '', '', 0);

INSERT INTO `destoon_cron` VALUES (1, '更新在线状态', 1, 'online', '10', '', '', '', '', '', '', 1595924491, 1595925102, 0, '');
INSERT INTO `destoon_cron` VALUES (2, '内容分表创建', 1, 'split', '0,0', '', '', '', '', '', '', 1595906034, 1595952000, 0, '');
INSERT INTO `destoon_cron` VALUES (3, '清理过期文件缓存', 1, 'cache', '30', '', '', '', '', '', '', 1595906034, 1595907848, 0, '');
INSERT INTO `destoon_cron` VALUES (4, '统计信息汇总', 0, 'stats', '30', '清理X天前PV记录', '清理X天前UV记录', '', '30', '90', '', 1595924491, 1595926301, 0, '');
INSERT INTO `destoon_cron` VALUES (5, '采集数据发布', 0, 'poster', '30', '每次发布数量', '', '', '10', '', '', 0, 0, 1, '');
INSERT INTO `destoon_cron` VALUES (6, '采集数据抓取', 0, 'spider', '30', '每次抓取数量', '', '', '10', '', '', 0, 0, 1, '');
INSERT INTO `destoon_cron` VALUES (20, '清理过期禁止IP', 1, 'banip', '0,10', '', '', '', '', '', '', 1595906034, 1595952600, 0, '');
INSERT INTO `destoon_cron` VALUES (21, '清理系统临时文件', 0, 'temp', '0,20', '', '', '', '', '', '', 1595906034, 1595953200, 0, '');
INSERT INTO `destoon_cron` VALUES (40, '清理未付款充值记录', 0, 'charge', '1,0', '清理X天前记录', '', '', '3', '', '', 1595906034, 1595955600, 0, '');
INSERT INTO `destoon_cron` VALUES (43, '清理日志记录', 0, 'log', '1,30', '清理X天前管理日志', '清理X天前登录日志', '清理X天前404日志', '30', '30', '30', 1595906034, 1595957400, 0, '');
INSERT INTO `destoon_cron` VALUES (44, '清理站内交谈', 0, 'chat', '1,40', '清理X天前记录', '', '', '30', '', '', 1595906034, 1595958000, 0, '');
INSERT INTO `destoon_cron` VALUES (60, '清理已读信件', 0, 'message', '2,0', '清理X天前记录', '', '', '90', '', '', 0, 0, 1, '');
INSERT INTO `destoon_cron` VALUES (61, '清理资金流水', 0, 'money', '2,10', '清理X天前记录', '', '', '90', '', '', 0, 0, 1, '');
INSERT INTO `destoon_cron` VALUES (62, '清理积分流水', 0, 'credit', '2,20', '清理X天前记录', '', '', '90', '', '', 0, 0, 1, '');
INSERT INTO `destoon_cron` VALUES (63, '清理短信流水', 0, 'sms', '2,30', '清理X天前短信流水', '清理X天前发送记录', '', '90', '90', '', 0, 0, 1, '');
INSERT INTO `destoon_cron` VALUES (65, '清理邮件记录', 0, 'mail', '2,50', '清理X天前记录', '', '', '90', '', '', 0, 0, 1, '');
INSERT INTO `destoon_cron` VALUES (100, '清理邮件记录', 0, 'mail', '2,50', '清理X天前记录', '', '', '90', '', '', 0, 0, 1, '');
DELETE FROM `destoon_cron` WHERE `itemid`=100;

INSERT INTO `destoon_member` VALUES (1, 'destoon', 'destoon', 'DESTOON网站管理系统', '', 'eed454b4549686dea20ec6033b73e325', 'Uz2EaAu4', 'bd9c47538b8f5a798ab0a333b7161ebd', '3LMVMGeT', 'admin@yourdomain.com', 0, 0, 0, 0, 0, 1, '姓名', '', '', '', '', '', '', '', '', 1, '', 0, 1, 6, 1, 0, 1, 0, 0, 0, 0, 0.00, 0.00, 1669943000, '127.0.0.1', 1208446566, '127.0.0.1', 1676820275, 0, 1, 0, 0, 0, 0, 0, 0, 0, 0, 0, 0, 0, '', '', '');
INSERT INTO `destoon_member_misc` VALUES (1, 'destoon', '', '', '', 0, '', '', '', '', '', '', '');
INSERT INTO `destoon_company` VALUES (1, 'destoon', 1, 'DESTOON网站管理系统', '', '', 0, 0, 0, 0, 0.00, 0, '', 0, 0, 0, 0, '', '', '', 0, '', 0, '', '', '', '', '', '', '', '', '', '', '', '', '', 0.00000000, 0.00000000, '', '', 0, 0, 0, 0, '', '', 0, 0, 0, 0, 0, 0, 0, 0, '', '', '', '', '', '', '');
INSERT INTO `destoon_company_data` VALUES ('1','');

INSERT INTO `destoon_link` VALUES (1, 0, 0, 'DESTOON', '', 'https://static.destoon.com/logo.gif', 'DESTOON网站管理系统', '', 1320045233, 'destoon', 1320045287, '', 0, 1, 3, 'https://www.destoon.com/');

INSERT INTO `destoon_member_group` VALUES (1, '管理员', 0, 1);
INSERT INTO `destoon_member_group` VALUES (2, '禁止访问', 0, 2);
INSERT INTO `destoon_member_group` VALUES (3, '游客', 0, 3);
INSERT INTO `destoon_member_group` VALUES (4, '待审核会员', 0, 4);
INSERT INTO `destoon_member_group` VALUES (5, '个人会员', 0, 5);
INSERT INTO `destoon_member_group` VALUES (6, '企业会员', 0, 6);
INSERT INTO `destoon_member_group` VALUES (7, 'VIP会员', 1, 7);

INSERT INTO `destoon_member_grade` VALUES (1, 'L1', '', 100, 0);
INSERT INTO `destoon_member_grade` VALUES (2, 'L2', '', 200, 0);
INSERT INTO `destoon_member_grade` VALUES (3, 'L3', '', 1000, 0);
INSERT INTO `destoon_member_grade` VALUES (4, 'L4', '', 2000, 0);
INSERT INTO `destoon_member_grade` VALUES (5, 'L5', '', 5000, 0);
INSERT INTO `destoon_member_grade` VALUES (6, 'L6', '', 10000, 0);
INSERT INTO `destoon_member_grade` VALUES (7, 'L7', '', 20000, 0);
INSERT INTO `destoon_member_grade` VALUES (8, 'L8', '', 50000, 0);
INSERT INTO `destoon_member_grade` VALUES (9, 'L9', '', 100000, 0);

INSERT INTO `destoon_module` VALUES (1, 'destoon', '核心', '', '', 'https://demo.destoon.com/v9.0/mobile/', 'https://demo.destoon.com/v9.0/', '', 1, 0, '', '', 0, 0, 0, 0);
INSERT INTO `destoon_module` VALUES (2, 'member', '会员', 'member', '', 'https://demo.destoon.com/v9.0/mobile/member/', 'https://demo.destoon.com/v9.0/member/', '', 0, 0, '', '', 0, 0, 0, 0);
INSERT INTO `destoon_module` VALUES (3, 'extend', '扩展', 'extend', '', 'https://demo.destoon.com/v9.0/mobile/extend/', 'https://demo.destoon.com/v9.0/extend/', '', 3, 0, '', '', 0, 0, 0, 1221828889);
INSERT INTO `destoon_module` VALUES (4, 'company', '公司', 'company', '', 'https://demo.destoon.com/v9.0/mobile/company/', 'https://demo.destoon.com/v9.0/company/', '', 7, 0, '', '', 1, 0, 0, 1205992896);
INSERT INTO `destoon_module` VALUES (22, 'info', '招商', 'invest', '', 'https://demo.destoon.com/v9.0/mobile/invest/', 'https://demo.destoon.com/v9.0/invest/', '', 12, 0, '', '', 1, 0, 0, 1223991464);
INSERT INTO `destoon_module` VALUES (5, 'sell', '供应', 'sell', '', 'https://demo.destoon.com/v9.0/mobile/sell/', 'https://demo.destoon.com/v9.0/sell/', '', 5, 0, '', '', 1, 0, 0, 1205992896);
INSERT INTO `destoon_module` VALUES (6, 'buy', '求购', 'buy', '', 'https://demo.destoon.com/v9.0/mobile/buy/', 'https://demo.destoon.com/v9.0/buy/', '', 6, 0, '', '', 1, 0, 0, 1205992896);
INSERT INTO `destoon_module` VALUES (7, 'quote', '行情', 'quote', '', 'https://demo.destoon.com/v9.0/mobile/quote/', 'https://demo.destoon.com/v9.0/quote/', '', 9, 0, '', '', 1, 0, 0, 1205992896);
INSERT INTO `destoon_module` VALUES (8, 'exhibit', '展会', 'exhibit', '', 'https://demo.destoon.com/v9.0/mobile/exhibit/', 'https://demo.destoon.com/v9.0/exhibit/', '', 10, 0, '', '', 1, 0, 0, 1205992896);
INSERT INTO `destoon_module` VALUES (21, 'article', '资讯', 'news', '', 'https://demo.destoon.com/v9.0/mobile/news/', 'https://demo.destoon.com/v9.0/news/', '', 11, 0, '', '', 1, 0, 0, 1205992896);
INSERT INTO `destoon_module` VALUES (9, 'job', '招聘', 'job', '', 'https://demo.destoon.com/v9.0/mobile/job/', 'https://demo.destoon.com/v9.0/job/', '', 14, 0, '', '', 1, 0, 0, 1205992896);
INSERT INTO `destoon_module` VALUES (13, 'brand', '品牌', 'brand', '', 'https://demo.destoon.com/v9.0/mobile/brand/', 'https://demo.destoon.com/v9.0/brand/', '', 13, 0, '', '', 1, 0, 0, 1205992896);
INSERT INTO `destoon_module` VALUES (10, 'know', '知道', 'know', '', 'https://demo.destoon.com/v9.0/mobile/know/', 'https://demo.destoon.com/v9.0/know/', '', 15, 0, '', '', 1, 0, 0, 1205992896);
INSERT INTO `destoon_module` VALUES (11, 'special', '专题', 'special', '', 'https://demo.destoon.com/v9.0/mobile/special/', 'https://demo.destoon.com/v9.0/special/', '', 16, 0, '', '', 1, 0, 0, 1205992896);
INSERT INTO `destoon_module` VALUES (12, 'photo', '图库', 'photo', '', 'https://demo.destoon.com/v9.0/mobile/photo/', 'https://demo.destoon.com/v9.0/photo/', '', 17, 0, '', '', 1, 0, 0, 1205992896);
INSERT INTO `destoon_module` VALUES (14, 'video', '视频', 'video', '', 'https://demo.destoon.com/v9.0/mobile/video/', 'https://demo.destoon.com/v9.0/video/', '', 18, 0, '', '', 1, 0, 0, 1205992896);
INSERT INTO `destoon_module` VALUES (15, 'down', '下载', 'down', '', 'https://demo.destoon.com/v9.0/mobile/down/', 'https://demo.destoon.com/v9.0/down/', '', 19, 0, '', '', 1, 0, 0, 1205992896);
INSERT INTO `destoon_module` VALUES (16, 'mall', '商城', 'mall', '', 'https://demo.destoon.com/v9.0/mobile/mall/', 'https://demo.destoon.com/v9.0/mall/', '', 4, 0, '', '', 1, 0, 0, 1205992896);
INSERT INTO `destoon_module` VALUES (17, 'group', '团购', 'group', '', 'https://demo.destoon.com/v9.0/mobile/group/', 'https://demo.destoon.com/v9.0/group/', '', 8, 0, '', '', 1, 0, 0, 1205992896);
INSERT INTO `destoon_module` VALUES (18, 'club', '商圈', 'club', '', 'https://demo.destoon.com/v9.0/mobile/club/', 'https://demo.destoon.com/v9.0/club/', '', 20, 0, '', '', 1, 0, 0, 1205992896);
INSERT INTO `destoon_module` VALUES (19, 'resume', '简历', 'resume', '', 'https://demo.destoon.com/v9.0/mobile/resume/', 'https://demo.destoon.com/v9.0/resume/', '', 15, 0, '', '', 0, 0, 0, 1491274291);
INSERT INTO `destoon_module` VALUES (20, 'moment', '动态', 'moment', '', 'https://demo.destoon.com/v9.0/mobile/moment/', 'https://demo.destoon.com/v9.0/moment/', '', 22, 0, '', '', 1, 0, 0, 0);


INSERT INTO `destoon_question` VALUES (1, '5+6=?', '11');
INSERT INTO `destoon_question` VALUES (2, '7+8=?', '15');
INSERT INTO `destoon_question` VALUES (3, '11*11=?', '121');
INSERT INTO `destoon_question` VALUES (4, '12-5=?', '7');
INSERT INTO `destoon_question` VALUES (5, '21-9=?', '12');
INSERT INTO `destoon_question` VALUES (6, '9*9=?', '81');


INSERT INTO `destoon_style` VALUES (1, 0, '默认模板', 'default', 'homepage', 'DESTOON.COM', ',6,7,', 0, 'money', 0, 0, 0, 0, 0, 1284090844, 'destoon', 1585700323, 0);
INSERT INTO `destoon_style` VALUES (2, 0, '深蓝模板', 'blue', 'homepage', 'DESTOON.COM', ',6,7,', 0, 'money', 0, 0, 0, 0, 0, 1221742594, 'destoon', 1509724080, 0);
INSERT INTO `destoon_style` VALUES (3, 0, '绿色模板', 'green', 'homepage', 'DESTOON.COM', ',6,7,', 0, 'money', 0, 0, 0, 0, 0, 1221742745, 'destoon', 1509725312, 0);
INSERT INTO `destoon_style` VALUES (4, 0, '紫色模板', 'purple', 'homepage', 'DESTOON.COM', ',6,7,', 0, 'money', 0, 0, 0, 0, 0, 1221742783, 'destoon', 1509725320, 0);
INSERT INTO `destoon_style` VALUES (5, 0, '橙色模板', 'orange', 'homepage', 'DESTOON.COM', ',6,7,', 0, 'money', 0, 0, 0, 0, 0, 1221742811, 'destoon', 1509725327, 0);


INSERT INTO `destoon_webpage` VALUES (1, '1', 0, 0, '关于我们', '', '<p>关于我们</p>', '', '', '', 'destoon', 1449039283, 5, 0, 0, 'about/index.html', '', '');
INSERT INTO `destoon_webpage` VALUES (2, '1', 0, 0, '联系方式', '', '<p>联系方式</p>', '', '', '', 'destoon', 1668560916, 4, 0, 0, 'about/contact.html', '', '');
INSERT INTO `destoon_webpage` VALUES (3, '1', 0, 0, '用户协议', '', '<p>用户协议</p>', '', '', '', 'destoon', 1668751960, 3, 0, 0, 'about/agreement.html', '', 'webpage-agreement');
INSERT INTO `destoon_webpage` VALUES (4, '1', 0, 0, '隐私政策', '', '<p>隐私政策</p>', '', '', '', 'destoon', 1668750266, 2, 0, 0, 'about/privacy.html', '', 'webpage-privacy');
INSERT INTO `destoon_webpage` VALUES (5, '1', 0, 0, '版权声明', '', '<p>版权声明</p>', '', '', '', 'destoon', 1668560737, 1, 0, 0, 'about/copyright.html', '', '');

INSERT INTO `destoon_member_home` (`groupid`, `type`, `file`, `name`, `pagesize`, `listorder`, `status`) VALUES(6, 'main', 'video', '视频', 5, 80, 2);
INSERT INTO `destoon_member_home` (`groupid`, `type`, `file`, `name`, `pagesize`, `listorder`, `status`) VALUES(1, 'main', 'video', '视频', 5, 80, 0);
INSERT INTO `destoon_member_home` (`groupid`, `type`, `file`, `name`, `pagesize`, `listorder`, `status`) VALUES(5, 'main', 'video', '视频', 5, 80, 2);
INSERT INTO `destoon_member_home` (`groupid`, `type`, `file`, `name`, `pagesize`, `listorder`, `status`) VALUES(6, 'main', 'info', '招商代理', 10, 70, 2);
INSERT INTO `destoon_member_home` (`groupid`, `type`, `file`, `name`, `pagesize`, `listorder`, `status`) VALUES(6, 'main', 'photo', '相册', 5, 60, 2);
INSERT INTO `destoon_member_home` (`groupid`, `type`, `file`, `name`, `pagesize`, `listorder`, `status`) VALUES(6, 'main', 'brand', '品牌展示', 5, 50, 2);
INSERT INTO `destoon_member_home` (`groupid`, `type`, `file`, `name`, `pagesize`, `listorder`, `status`) VALUES(6, 'main', 'sell', '最新供应', 10, 40, 2);
INSERT INTO `destoon_member_home` (`groupid`, `type`, `file`, `name`, `pagesize`, `listorder`, `status`) VALUES(6, 'main', 'elite', '推荐产品', 10, 30, 2);
INSERT INTO `destoon_member_home` (`groupid`, `type`, `file`, `name`, `pagesize`, `listorder`, `status`) VALUES(6, 'main', 'introduce', '公司介绍', 1, 20, 2);
INSERT INTO `destoon_member_home` (`groupid`, `type`, `file`, `name`, `pagesize`, `listorder`, `status`) VALUES(6, 'main', 'mall', '热卖商品', 10, 10, 2);
INSERT INTO `destoon_member_home` (`groupid`, `type`, `file`, `name`, `pagesize`, `listorder`, `status`) VALUES(6, 'side', 'link', '友情链接', 10, 70, 2);
INSERT INTO `destoon_member_home` (`groupid`, `type`, `file`, `name`, `pagesize`, `listorder`, `status`) VALUES(6, 'side', 'honor', '荣誉资质', 5, 60, 2);
INSERT INTO `destoon_member_home` (`groupid`, `type`, `file`, `name`, `pagesize`, `listorder`, `status`) VALUES(6, 'side', 'search', '站内搜索', 1, 50, 2);
INSERT INTO `destoon_member_home` (`groupid`, `type`, `file`, `name`, `pagesize`, `listorder`, `status`) VALUES(6, 'side', 'contact', '联系方式', 1, 40, 2);
INSERT INTO `destoon_member_home` (`groupid`, `type`, `file`, `name`, `pagesize`, `listorder`, `status`) VALUES(6, 'side', 'type', '产品分类', 30, 30, 2);
INSERT INTO `destoon_member_home` (`groupid`, `type`, `file`, `name`, `pagesize`, `listorder`, `status`) VALUES(6, 'side', 'news', '新闻中心', 5, 20, 2);
INSERT INTO `destoon_member_home` (`groupid`, `type`, `file`, `name`, `pagesize`, `listorder`, `status`) VALUES(6, 'side', 'announce', '网站公告', 1, 10, 2);
INSERT INTO `destoon_member_home` (`groupid`, `type`, `file`, `name`, `pagesize`, `listorder`, `status`) VALUES(6, 'menu', 'club', '商圈', 30, 220, 0);
INSERT INTO `destoon_member_home` (`groupid`, `type`, `file`, `name`, `pagesize`, `listorder`, `status`) VALUES(6, 'menu', 'down', '下载', 30, 210, 0);
INSERT INTO `destoon_member_home` (`groupid`, `type`, `file`, `name`, `pagesize`, `listorder`, `status`) VALUES(6, 'menu', 'special', '专题', 30, 200, 0);
INSERT INTO `destoon_member_home` (`groupid`, `type`, `file`, `name`, `pagesize`, `listorder`, `status`) VALUES(6, 'menu', 'know', '知道', 30, 190, 0);
INSERT INTO `destoon_member_home` (`groupid`, `type`, `file`, `name`, `pagesize`, `listorder`, `status`) VALUES(6, 'menu', 'resume', '简历', 30, 180, 0);
INSERT INTO `destoon_member_home` (`groupid`, `type`, `file`, `name`, `pagesize`, `listorder`, `status`) VALUES(6, 'menu', 'quote', '行情', 30, 170, 0);
INSERT INTO `destoon_member_home` (`groupid`, `type`, `file`, `name`, `pagesize`, `listorder`, `status`) VALUES(6, 'menu', 'group', '团购', 12, 160, 0);
INSERT INTO `destoon_member_home` (`groupid`, `type`, `file`, `name`, `pagesize`, `listorder`, `status`) VALUES(6, 'menu', 'exhibit', '展会信息', 30, 130, 2);
INSERT INTO `destoon_member_home` (`groupid`, `type`, `file`, `name`, `pagesize`, `listorder`, `status`) VALUES(6, 'menu', 'credit', '诚信档案', 1, 140, 2);
INSERT INTO `destoon_member_home` (`groupid`, `type`, `file`, `name`, `pagesize`, `listorder`, `status`) VALUES(6, 'menu', 'link', '友情链接', 30, 150, 2);
INSERT INTO `destoon_member_home` (`groupid`, `type`, `file`, `name`, `pagesize`, `listorder`, `status`) VALUES(6, 'menu', 'video', '公司视频', 12, 120, 2);
INSERT INTO `destoon_member_home` (`groupid`, `type`, `file`, `name`, `pagesize`, `listorder`, `status`) VALUES(6, 'menu', 'brand', '品牌展示', 12, 110, 2);
INSERT INTO `destoon_member_home` (`groupid`, `type`, `file`, `name`, `pagesize`, `listorder`, `status`) VALUES(6, 'menu', 'invest', '招商代理', 12, 100, 2);
INSERT INTO `destoon_member_home` (`groupid`, `type`, `file`, `name`, `pagesize`, `listorder`, `status`) VALUES(6, 'menu', 'contact', '联系方式', 1, 80, 2);
INSERT INTO `destoon_member_home` (`groupid`, `type`, `file`, `name`, `pagesize`, `listorder`, `status`) VALUES(5, 'main', 'info', '招商代理', 10, 70, 0);
INSERT INTO `destoon_member_home` (`groupid`, `type`, `file`, `name`, `pagesize`, `listorder`, `status`) VALUES(5, 'main', 'photo', '相册', 5, 60, 2);
INSERT INTO `destoon_member_home` (`groupid`, `type`, `file`, `name`, `pagesize`, `listorder`, `status`) VALUES(5, 'main', 'brand', '品牌展示', 5, 50, 0);
INSERT INTO `destoon_member_home` (`groupid`, `type`, `file`, `name`, `pagesize`, `listorder`, `status`) VALUES(5, 'main', 'sell', '最新供应', 10, 40, 0);
INSERT INTO `destoon_member_home` (`groupid`, `type`, `file`, `name`, `pagesize`, `listorder`, `status`) VALUES(5, 'main', 'elite', '推荐产品', 10, 30, 0);
INSERT INTO `destoon_member_home` (`groupid`, `type`, `file`, `name`, `pagesize`, `listorder`, `status`) VALUES(5, 'main', 'introduce', '公司介绍', 1, 20, 0);
INSERT INTO `destoon_member_home` (`groupid`, `type`, `file`, `name`, `pagesize`, `listorder`, `status`) VALUES(5, 'main', 'mall', '热卖商品', 10, 10, 0);
INSERT INTO `destoon_member_home` (`groupid`, `type`, `file`, `name`, `pagesize`, `listorder`, `status`) VALUES(5, 'side', 'link', '友情链接', 10, 70, 2);
INSERT INTO `destoon_member_home` (`groupid`, `type`, `file`, `name`, `pagesize`, `listorder`, `status`) VALUES(5, 'side', 'honor', '荣誉资质', 5, 60, 1);
INSERT INTO `destoon_member_home` (`groupid`, `type`, `file`, `name`, `pagesize`, `listorder`, `status`) VALUES(5, 'side', 'search', '站内搜索', 1, 50, 2);
INSERT INTO `destoon_member_home` (`groupid`, `type`, `file`, `name`, `pagesize`, `listorder`, `status`) VALUES(5, 'side', 'contact', '联系方式', 1, 40, 2);
INSERT INTO `destoon_member_home` (`groupid`, `type`, `file`, `name`, `pagesize`, `listorder`, `status`) VALUES(5, 'side', 'type', '产品分类', 30, 30, 0);
INSERT INTO `destoon_member_home` (`groupid`, `type`, `file`, `name`, `pagesize`, `listorder`, `status`) VALUES(5, 'side', 'news', '新闻中心', 5, 20, 1);
INSERT INTO `destoon_member_home` (`groupid`, `type`, `file`, `name`, `pagesize`, `listorder`, `status`) VALUES(5, 'side', 'announce', '网站公告', 1, 10, 2);
INSERT INTO `destoon_member_home` (`groupid`, `type`, `file`, `name`, `pagesize`, `listorder`, `status`) VALUES(5, 'menu', 'club', '商圈', 30, 220, 2);
INSERT INTO `destoon_member_home` (`groupid`, `type`, `file`, `name`, `pagesize`, `listorder`, `status`) VALUES(5, 'menu', 'down', '下载', 30, 210, 0);
INSERT INTO `destoon_member_home` (`groupid`, `type`, `file`, `name`, `pagesize`, `listorder`, `status`) VALUES(5, 'menu', 'know', '知道', 30, 190, 2);
INSERT INTO `destoon_member_home` (`groupid`, `type`, `file`, `name`, `pagesize`, `listorder`, `status`) VALUES(5, 'menu', 'resume', '个人简历', 30, 180, 2);
INSERT INTO `destoon_member_home` (`groupid`, `type`, `file`, `name`, `pagesize`, `listorder`, `status`) VALUES(5, 'menu', 'quote', '行情', 30, 170, 0);
INSERT INTO `destoon_member_home` (`groupid`, `type`, `file`, `name`, `pagesize`, `listorder`, `status`) VALUES(5, 'menu', 'group', '团购', 12, 160, 0);
INSERT INTO `destoon_member_home` (`groupid`, `type`, `file`, `name`, `pagesize`, `listorder`, `status`) VALUES(5, 'menu', 'link', '友情链接', 30, 150, 2);
INSERT INTO `destoon_member_home` (`groupid`, `type`, `file`, `name`, `pagesize`, `listorder`, `status`) VALUES(5, 'menu', 'credit', '诚信档案', 1, 140, 0);
INSERT INTO `destoon_member_home` (`groupid`, `type`, `file`, `name`, `pagesize`, `listorder`, `status`) VALUES(5, 'menu', 'exhibit', '展会信息', 30, 130, 0);
INSERT INTO `destoon_member_home` (`groupid`, `type`, `file`, `name`, `pagesize`, `listorder`, `status`) VALUES(5, 'menu', 'video', '我的视频', 12, 120, 2);
INSERT INTO `destoon_member_home` (`groupid`, `type`, `file`, `name`, `pagesize`, `listorder`, `status`) VALUES(4, 'main', 'photo', '相册', 5, 60, 0);
INSERT INTO `destoon_member_home` (`groupid`, `type`, `file`, `name`, `pagesize`, `listorder`, `status`) VALUES(4, 'main', 'brand', '品牌展示', 5, 50, 0);
INSERT INTO `destoon_member_home` (`groupid`, `type`, `file`, `name`, `pagesize`, `listorder`, `status`) VALUES(4, 'main', 'elite', '推荐产品', 10, 30, 0);
INSERT INTO `destoon_member_home` (`groupid`, `type`, `file`, `name`, `pagesize`, `listorder`, `status`) VALUES(4, 'main', 'sell', '最新供应', 10, 40, 0);
INSERT INTO `destoon_member_home` (`groupid`, `type`, `file`, `name`, `pagesize`, `listorder`, `status`) VALUES(4, 'main', 'introduce', '公司介绍', 1, 20, 0);
INSERT INTO `destoon_member_home` (`groupid`, `type`, `file`, `name`, `pagesize`, `listorder`, `status`) VALUES(4, 'main', 'mall', '热卖商品', 10, 10, 0);
INSERT INTO `destoon_member_home` (`groupid`, `type`, `file`, `name`, `pagesize`, `listorder`, `status`) VALUES(4, 'side', 'link', '友情链接', 10, 70, 0);
INSERT INTO `destoon_member_home` (`groupid`, `type`, `file`, `name`, `pagesize`, `listorder`, `status`) VALUES(4, 'side', 'honor', '荣誉资质', 5, 60, 0);
INSERT INTO `destoon_member_home` (`groupid`, `type`, `file`, `name`, `pagesize`, `listorder`, `status`) VALUES(4, 'side', 'search', '站内搜索', 1, 50, 0);
INSERT INTO `destoon_member_home` (`groupid`, `type`, `file`, `name`, `pagesize`, `listorder`, `status`) VALUES(4, 'side', 'contact', '联系方式', 1, 40, 0);
INSERT INTO `destoon_member_home` (`groupid`, `type`, `file`, `name`, `pagesize`, `listorder`, `status`) VALUES(4, 'side', 'type', '产品分类', 30, 30, 0);
INSERT INTO `destoon_member_home` (`groupid`, `type`, `file`, `name`, `pagesize`, `listorder`, `status`) VALUES(4, 'side', 'news', '新闻中心', 5, 20, 0);
INSERT INTO `destoon_member_home` (`groupid`, `type`, `file`, `name`, `pagesize`, `listorder`, `status`) VALUES(4, 'side', 'announce', '网站公告', 1, 10, 0);
INSERT INTO `destoon_member_home` (`groupid`, `type`, `file`, `name`, `pagesize`, `listorder`, `status`) VALUES(4, 'menu', 'club', '商圈', 30, 220, 0);
INSERT INTO `destoon_member_home` (`groupid`, `type`, `file`, `name`, `pagesize`, `listorder`, `status`) VALUES(4, 'menu', 'down', '下载', 30, 210, 0);
INSERT INTO `destoon_member_home` (`groupid`, `type`, `file`, `name`, `pagesize`, `listorder`, `status`) VALUES(4, 'menu', 'special', '专题', 30, 200, 0);
INSERT INTO `destoon_member_home` (`groupid`, `type`, `file`, `name`, `pagesize`, `listorder`, `status`) VALUES(4, 'menu', 'know', '知道', 30, 190, 0);
INSERT INTO `destoon_member_home` (`groupid`, `type`, `file`, `name`, `pagesize`, `listorder`, `status`) VALUES(4, 'menu', 'resume', '简历', 30, 180, 0);
INSERT INTO `destoon_member_home` (`groupid`, `type`, `file`, `name`, `pagesize`, `listorder`, `status`) VALUES(4, 'menu', 'quote', '行情', 30, 170, 0);
INSERT INTO `destoon_member_home` (`groupid`, `type`, `file`, `name`, `pagesize`, `listorder`, `status`) VALUES(4, 'menu', 'group', '团购', 12, 160, 0);
INSERT INTO `destoon_member_home` (`groupid`, `type`, `file`, `name`, `pagesize`, `listorder`, `status`) VALUES(4, 'menu', 'link', '友情链接', 30, 150, 0);
INSERT INTO `destoon_member_home` (`groupid`, `type`, `file`, `name`, `pagesize`, `listorder`, `status`) VALUES(4, 'menu', 'credit', '诚信档案', 1, 140, 0);
INSERT INTO `destoon_member_home` (`groupid`, `type`, `file`, `name`, `pagesize`, `listorder`, `status`) VALUES(4, 'menu', 'exhibit', '展会信息', 30, 130, 0);
INSERT INTO `destoon_member_home` (`groupid`, `type`, `file`, `name`, `pagesize`, `listorder`, `status`) VALUES(4, 'menu', 'video', '公司视频', 12, 120, 0);
INSERT INTO `destoon_member_home` (`groupid`, `type`, `file`, `name`, `pagesize`, `listorder`, `status`) VALUES(4, 'menu', 'brand', '品牌展示', 12, 110, 0);
INSERT INTO `destoon_member_home` (`groupid`, `type`, `file`, `name`, `pagesize`, `listorder`, `status`) VALUES(4, 'menu', 'invest', '招商代理', 12, 100, 0);
INSERT INTO `destoon_member_home` (`groupid`, `type`, `file`, `name`, `pagesize`, `listorder`, `status`) VALUES(4, 'menu', 'photo', '公司相册', 12, 90, 0);
INSERT INTO `destoon_member_home` (`groupid`, `type`, `file`, `name`, `pagesize`, `listorder`, `status`) VALUES(3, 'main', 'info', '招商代理', 10, 70, 0);
INSERT INTO `destoon_member_home` (`groupid`, `type`, `file`, `name`, `pagesize`, `listorder`, `status`) VALUES(3, 'main', 'photo', '相册', 5, 60, 0);
INSERT INTO `destoon_member_home` (`groupid`, `type`, `file`, `name`, `pagesize`, `listorder`, `status`) VALUES(3, 'main', 'brand', '品牌展示', 5, 50, 0);
INSERT INTO `destoon_member_home` (`groupid`, `type`, `file`, `name`, `pagesize`, `listorder`, `status`) VALUES(3, 'main', 'sell', '最新供应', 10, 40, 0);
INSERT INTO `destoon_member_home` (`groupid`, `type`, `file`, `name`, `pagesize`, `listorder`, `status`) VALUES(3, 'main', 'elite', '推荐产品', 10, 30, 0);
INSERT INTO `destoon_member_home` (`groupid`, `type`, `file`, `name`, `pagesize`, `listorder`, `status`) VALUES(3, 'main', 'introduce', '公司介绍', 1, 20, 0);
INSERT INTO `destoon_member_home` (`groupid`, `type`, `file`, `name`, `pagesize`, `listorder`, `status`) VALUES(3, 'main', 'mall', '热卖商品', 10, 10, 0);
INSERT INTO `destoon_member_home` (`groupid`, `type`, `file`, `name`, `pagesize`, `listorder`, `status`) VALUES(3, 'side', 'link', '友情链接', 10, 70, 0);
INSERT INTO `destoon_member_home` (`groupid`, `type`, `file`, `name`, `pagesize`, `listorder`, `status`) VALUES(3, 'side', 'honor', '荣誉资质', 5, 60, 0);
INSERT INTO `destoon_member_home` (`groupid`, `type`, `file`, `name`, `pagesize`, `listorder`, `status`) VALUES(3, 'side', 'search', '站内搜索', 1, 50, 0);
INSERT INTO `destoon_member_home` (`groupid`, `type`, `file`, `name`, `pagesize`, `listorder`, `status`) VALUES(3, 'side', 'type', '产品分类', 30, 30, 0);
INSERT INTO `destoon_member_home` (`groupid`, `type`, `file`, `name`, `pagesize`, `listorder`, `status`) VALUES(3, 'side', 'contact', '联系方式', 1, 40, 0);
INSERT INTO `destoon_member_home` (`groupid`, `type`, `file`, `name`, `pagesize`, `listorder`, `status`) VALUES(3, 'side', 'news', '新闻中心', 5, 20, 0);
INSERT INTO `destoon_member_home` (`groupid`, `type`, `file`, `name`, `pagesize`, `listorder`, `status`) VALUES(3, 'side', 'announce', '网站公告', 1, 10, 0);
INSERT INTO `destoon_member_home` (`groupid`, `type`, `file`, `name`, `pagesize`, `listorder`, `status`) VALUES(3, 'menu', 'club', '商圈', 30, 220, 0);
INSERT INTO `destoon_member_home` (`groupid`, `type`, `file`, `name`, `pagesize`, `listorder`, `status`) VALUES(3, 'menu', 'down', '下载', 30, 210, 0);
INSERT INTO `destoon_member_home` (`groupid`, `type`, `file`, `name`, `pagesize`, `listorder`, `status`) VALUES(3, 'menu', 'special', '专题', 30, 200, 0);
INSERT INTO `destoon_member_home` (`groupid`, `type`, `file`, `name`, `pagesize`, `listorder`, `status`) VALUES(3, 'menu', 'know', '知道', 30, 190, 0);
INSERT INTO `destoon_member_home` (`groupid`, `type`, `file`, `name`, `pagesize`, `listorder`, `status`) VALUES(3, 'menu', 'resume', '简历', 30, 180, 0);
INSERT INTO `destoon_member_home` (`groupid`, `type`, `file`, `name`, `pagesize`, `listorder`, `status`) VALUES(3, 'menu', 'quote', '行情', 30, 170, 0);
INSERT INTO `destoon_member_home` (`groupid`, `type`, `file`, `name`, `pagesize`, `listorder`, `status`) VALUES(3, 'menu', 'group', '团购', 12, 160, 0);
INSERT INTO `destoon_member_home` (`groupid`, `type`, `file`, `name`, `pagesize`, `listorder`, `status`) VALUES(3, 'menu', 'link', '友情链接', 30, 150, 0);
INSERT INTO `destoon_member_home` (`groupid`, `type`, `file`, `name`, `pagesize`, `listorder`, `status`) VALUES(3, 'menu', 'credit', '诚信档案', 1, 140, 0);
INSERT INTO `destoon_member_home` (`groupid`, `type`, `file`, `name`, `pagesize`, `listorder`, `status`) VALUES(3, 'menu', 'exhibit', '展会信息', 30, 130, 0);
INSERT INTO `destoon_member_home` (`groupid`, `type`, `file`, `name`, `pagesize`, `listorder`, `status`) VALUES(3, 'menu', 'video', '公司视频', 12, 120, 0);
INSERT INTO `destoon_member_home` (`groupid`, `type`, `file`, `name`, `pagesize`, `listorder`, `status`) VALUES(3, 'menu', 'brand', '品牌展示', 12, 110, 0);
INSERT INTO `destoon_member_home` (`groupid`, `type`, `file`, `name`, `pagesize`, `listorder`, `status`) VALUES(3, 'menu', 'invest', '招商代理', 12, 100, 0);
INSERT INTO `destoon_member_home` (`groupid`, `type`, `file`, `name`, `pagesize`, `listorder`, `status`) VALUES(4, 'menu', 'contact', '联系方式', 1, 80, 0);
INSERT INTO `destoon_member_home` (`groupid`, `type`, `file`, `name`, `pagesize`, `listorder`, `status`) VALUES(4, 'menu', 'job', '人才招聘', 30, 70, 0);
INSERT INTO `destoon_member_home` (`groupid`, `type`, `file`, `name`, `pagesize`, `listorder`, `status`) VALUES(4, 'menu', 'honor', '荣誉资质', 10, 60, 0);
INSERT INTO `destoon_member_home` (`groupid`, `type`, `file`, `name`, `pagesize`, `listorder`, `status`) VALUES(4, 'menu', 'news', '公司新闻', 30, 50, 0);
INSERT INTO `destoon_member_home` (`groupid`, `type`, `file`, `name`, `pagesize`, `listorder`, `status`) VALUES(3, 'menu', 'photo', '公司相册', 12, 90, 0);
INSERT INTO `destoon_member_home` (`groupid`, `type`, `file`, `name`, `pagesize`, `listorder`, `status`) VALUES(3, 'menu', 'contact', '联系方式', 1, 80, 0);
INSERT INTO `destoon_member_home` (`groupid`, `type`, `file`, `name`, `pagesize`, `listorder`, `status`) VALUES(3, 'menu', 'job', '人才招聘', 30, 70, 0);
INSERT INTO `destoon_member_home` (`groupid`, `type`, `file`, `name`, `pagesize`, `listorder`, `status`) VALUES(3, 'menu', 'honor', '荣誉资质', 10, 60, 0);
INSERT INTO `destoon_member_home` (`groupid`, `type`, `file`, `name`, `pagesize`, `listorder`, `status`) VALUES(2, 'main', 'info', '招商代理', 10, 70, 0);
INSERT INTO `destoon_member_home` (`groupid`, `type`, `file`, `name`, `pagesize`, `listorder`, `status`) VALUES(2, 'main', 'photo', '相册', 5, 60, 0);
INSERT INTO `destoon_member_home` (`groupid`, `type`, `file`, `name`, `pagesize`, `listorder`, `status`) VALUES(2, 'main', 'brand', '品牌展示', 5, 50, 0);
INSERT INTO `destoon_member_home` (`groupid`, `type`, `file`, `name`, `pagesize`, `listorder`, `status`) VALUES(2, 'main', 'sell', '最新供应', 10, 40, 0);
INSERT INTO `destoon_member_home` (`groupid`, `type`, `file`, `name`, `pagesize`, `listorder`, `status`) VALUES(2, 'main', 'elite', '推荐产品', 10, 30, 0);
INSERT INTO `destoon_member_home` (`groupid`, `type`, `file`, `name`, `pagesize`, `listorder`, `status`) VALUES(2, 'main', 'introduce', '公司介绍', 1, 20, 0);
INSERT INTO `destoon_member_home` (`groupid`, `type`, `file`, `name`, `pagesize`, `listorder`, `status`) VALUES(2, 'main', 'mall', '热卖商品', 10, 10, 0);
INSERT INTO `destoon_member_home` (`groupid`, `type`, `file`, `name`, `pagesize`, `listorder`, `status`) VALUES(2, 'side', 'link', '友情链接', 10, 70, 0);
INSERT INTO `destoon_member_home` (`groupid`, `type`, `file`, `name`, `pagesize`, `listorder`, `status`) VALUES(2, 'side', 'honor', '荣誉资质', 5, 60, 0);
INSERT INTO `destoon_member_home` (`groupid`, `type`, `file`, `name`, `pagesize`, `listorder`, `status`) VALUES(2, 'side', 'search', '站内搜索', 1, 50, 0);
INSERT INTO `destoon_member_home` (`groupid`, `type`, `file`, `name`, `pagesize`, `listorder`, `status`) VALUES(2, 'side', 'contact', '联系方式', 1, 40, 0);
INSERT INTO `destoon_member_home` (`groupid`, `type`, `file`, `name`, `pagesize`, `listorder`, `status`) VALUES(2, 'side', 'type', '产品分类', 30, 30, 0);
INSERT INTO `destoon_member_home` (`groupid`, `type`, `file`, `name`, `pagesize`, `listorder`, `status`) VALUES(2, 'side', 'news', '新闻中心', 5, 20, 0);
INSERT INTO `destoon_member_home` (`groupid`, `type`, `file`, `name`, `pagesize`, `listorder`, `status`) VALUES(2, 'side', 'announce', '网站公告', 1, 10, 0);
INSERT INTO `destoon_member_home` (`groupid`, `type`, `file`, `name`, `pagesize`, `listorder`, `status`) VALUES(2, 'menu', 'club', '商圈', 30, 220, 0);
INSERT INTO `destoon_member_home` (`groupid`, `type`, `file`, `name`, `pagesize`, `listorder`, `status`) VALUES(2, 'menu', 'down', '下载', 30, 210, 0);
INSERT INTO `destoon_member_home` (`groupid`, `type`, `file`, `name`, `pagesize`, `listorder`, `status`) VALUES(2, 'menu', 'special', '专题', 30, 200, 0);
INSERT INTO `destoon_member_home` (`groupid`, `type`, `file`, `name`, `pagesize`, `listorder`, `status`) VALUES(2, 'menu', 'know', '知道', 30, 190, 0);
INSERT INTO `destoon_member_home` (`groupid`, `type`, `file`, `name`, `pagesize`, `listorder`, `status`) VALUES(2, 'menu', 'resume', '简历', 30, 180, 0);
INSERT INTO `destoon_member_home` (`groupid`, `type`, `file`, `name`, `pagesize`, `listorder`, `status`) VALUES(2, 'menu', 'quote', '行情', 30, 170, 0);
INSERT INTO `destoon_member_home` (`groupid`, `type`, `file`, `name`, `pagesize`, `listorder`, `status`) VALUES(2, 'menu', 'group', '团购', 12, 160, 0);
INSERT INTO `destoon_member_home` (`groupid`, `type`, `file`, `name`, `pagesize`, `listorder`, `status`) VALUES(2, 'menu', 'link', '友情链接', 30, 150, 0);
INSERT INTO `destoon_member_home` (`groupid`, `type`, `file`, `name`, `pagesize`, `listorder`, `status`) VALUES(2, 'menu', 'credit', '诚信档案', 1, 140, 0);
INSERT INTO `destoon_member_home` (`groupid`, `type`, `file`, `name`, `pagesize`, `listorder`, `status`) VALUES(2, 'menu', 'exhibit', '展会信息', 30, 130, 0);
INSERT INTO `destoon_member_home` (`groupid`, `type`, `file`, `name`, `pagesize`, `listorder`, `status`) VALUES(2, 'menu', 'video', '公司视频', 12, 120, 0);
INSERT INTO `destoon_member_home` (`groupid`, `type`, `file`, `name`, `pagesize`, `listorder`, `status`) VALUES(2, 'menu', 'brand', '品牌展示', 12, 110, 0);
INSERT INTO `destoon_member_home` (`groupid`, `type`, `file`, `name`, `pagesize`, `listorder`, `status`) VALUES(2, 'menu', 'invest', '招商代理', 12, 100, 0);
INSERT INTO `destoon_member_home` (`groupid`, `type`, `file`, `name`, `pagesize`, `listorder`, `status`) VALUES(2, 'menu', 'photo', '公司相册', 12, 90, 0);
INSERT INTO `destoon_member_home` (`groupid`, `type`, `file`, `name`, `pagesize`, `listorder`, `status`) VALUES(1, 'main', 'info', '招商代理', 10, 70, 0);
INSERT INTO `destoon_member_home` (`groupid`, `type`, `file`, `name`, `pagesize`, `listorder`, `status`) VALUES(1, 'main', 'photo', '相册', 5, 60, 0);
INSERT INTO `destoon_member_home` (`groupid`, `type`, `file`, `name`, `pagesize`, `listorder`, `status`) VALUES(1, 'main', 'brand', '品牌展示', 5, 50, 0);
INSERT INTO `destoon_member_home` (`groupid`, `type`, `file`, `name`, `pagesize`, `listorder`, `status`) VALUES(1, 'main', 'sell', '最新供应', 10, 40, 0);
INSERT INTO `destoon_member_home` (`groupid`, `type`, `file`, `name`, `pagesize`, `listorder`, `status`) VALUES(1, 'main', 'introduce', '公司介绍', 1, 20, 0);
INSERT INTO `destoon_member_home` (`groupid`, `type`, `file`, `name`, `pagesize`, `listorder`, `status`) VALUES(1, 'main', 'elite', '推荐产品', 10, 30, 0);
INSERT INTO `destoon_member_home` (`groupid`, `type`, `file`, `name`, `pagesize`, `listorder`, `status`) VALUES(1, 'main', 'mall', '热卖商品', 10, 10, 0);
INSERT INTO `destoon_member_home` (`groupid`, `type`, `file`, `name`, `pagesize`, `listorder`, `status`) VALUES(1, 'side', 'link', '友情链接', 10, 70, 0);
INSERT INTO `destoon_member_home` (`groupid`, `type`, `file`, `name`, `pagesize`, `listorder`, `status`) VALUES(1, 'side', 'honor', '荣誉资质', 5, 60, 0);
INSERT INTO `destoon_member_home` (`groupid`, `type`, `file`, `name`, `pagesize`, `listorder`, `status`) VALUES(1, 'side', 'search', '站内搜索', 1, 50, 0);
INSERT INTO `destoon_member_home` (`groupid`, `type`, `file`, `name`, `pagesize`, `listorder`, `status`) VALUES(1, 'side', 'contact', '联系方式', 1, 40, 0);
INSERT INTO `destoon_member_home` (`groupid`, `type`, `file`, `name`, `pagesize`, `listorder`, `status`) VALUES(1, 'side', 'type', '产品分类', 30, 30, 0);
INSERT INTO `destoon_member_home` (`groupid`, `type`, `file`, `name`, `pagesize`, `listorder`, `status`) VALUES(1, 'side', 'news', '新闻中心', 5, 20, 0);
INSERT INTO `destoon_member_home` (`groupid`, `type`, `file`, `name`, `pagesize`, `listorder`, `status`) VALUES(1, 'side', 'announce', '网站公告', 1, 10, 0);
INSERT INTO `destoon_member_home` (`groupid`, `type`, `file`, `name`, `pagesize`, `listorder`, `status`) VALUES(1, 'menu', 'club', '商圈', 30, 220, 0);
INSERT INTO `destoon_member_home` (`groupid`, `type`, `file`, `name`, `pagesize`, `listorder`, `status`) VALUES(1, 'menu', 'down', '下载', 30, 210, 0);
INSERT INTO `destoon_member_home` (`groupid`, `type`, `file`, `name`, `pagesize`, `listorder`, `status`) VALUES(1, 'menu', 'special', '专题', 30, 200, 0);
INSERT INTO `destoon_member_home` (`groupid`, `type`, `file`, `name`, `pagesize`, `listorder`, `status`) VALUES(1, 'menu', 'know', '知道', 30, 190, 0);
INSERT INTO `destoon_member_home` (`groupid`, `type`, `file`, `name`, `pagesize`, `listorder`, `status`) VALUES(1, 'menu', 'resume', '简历', 30, 180, 0);
INSERT INTO `destoon_member_home` (`groupid`, `type`, `file`, `name`, `pagesize`, `listorder`, `status`) VALUES(1, 'menu', 'quote', '行情', 30, 170, 0);
INSERT INTO `destoon_member_home` (`groupid`, `type`, `file`, `name`, `pagesize`, `listorder`, `status`) VALUES(1, 'menu', 'group', '团购', 12, 160, 0);
INSERT INTO `destoon_member_home` (`groupid`, `type`, `file`, `name`, `pagesize`, `listorder`, `status`) VALUES(1, 'menu', 'link', '友情链接', 30, 150, 0);
INSERT INTO `destoon_member_home` (`groupid`, `type`, `file`, `name`, `pagesize`, `listorder`, `status`) VALUES(1, 'menu', 'credit', '诚信档案', 1, 140, 0);
INSERT INTO `destoon_member_home` (`groupid`, `type`, `file`, `name`, `pagesize`, `listorder`, `status`) VALUES(1, 'menu', 'exhibit', '展会信息', 30, 130, 0);
INSERT INTO `destoon_member_home` (`groupid`, `type`, `file`, `name`, `pagesize`, `listorder`, `status`) VALUES(1, 'menu', 'video', '公司视频', 12, 120, 0);
INSERT INTO `destoon_member_home` (`groupid`, `type`, `file`, `name`, `pagesize`, `listorder`, `status`) VALUES(1, 'menu', 'brand', '品牌展示', 12, 110, 0);
INSERT INTO `destoon_member_home` (`groupid`, `type`, `file`, `name`, `pagesize`, `listorder`, `status`) VALUES(1, 'menu', 'invest', '招商代理', 12, 100, 0);
INSERT INTO `destoon_member_home` (`groupid`, `type`, `file`, `name`, `pagesize`, `listorder`, `status`) VALUES(1, 'menu', 'photo', '公司相册', 12, 90, 0);
INSERT INTO `destoon_member_home` (`groupid`, `type`, `file`, `name`, `pagesize`, `listorder`, `status`) VALUES(5, 'menu', 'brand', '品牌展示', 12, 110, 0);
INSERT INTO `destoon_member_home` (`groupid`, `type`, `file`, `name`, `pagesize`, `listorder`, `status`) VALUES(5, 'menu', 'invest', '招商代理', 12, 100, 0);
INSERT INTO `destoon_member_home` (`groupid`, `type`, `file`, `name`, `pagesize`, `listorder`, `status`) VALUES(5, 'menu', 'photo', '我的相册', 12, 90, 2);
INSERT INTO `destoon_member_home` (`groupid`, `type`, `file`, `name`, `pagesize`, `listorder`, `status`) VALUES(5, 'menu', 'contact', '联系方式', 1, 80, 2);
INSERT INTO `destoon_member_home` (`groupid`, `type`, `file`, `name`, `pagesize`, `listorder`, `status`) VALUES(5, 'menu', 'job', '人才招聘', 30, 70, 0);
INSERT INTO `destoon_member_home` (`groupid`, `type`, `file`, `name`, `pagesize`, `listorder`, `status`) VALUES(5, 'menu', 'honor', '荣誉资质', 10, 60, 2);
INSERT INTO `destoon_member_home` (`groupid`, `type`, `file`, `name`, `pagesize`, `listorder`, `status`) VALUES(6, 'menu', 'photo', '公司相册', 12, 90, 2);
INSERT INTO `destoon_member_home` (`groupid`, `type`, `file`, `name`, `pagesize`, `listorder`, `status`) VALUES(6, 'menu', 'job', '人才招聘', 30, 70, 2);
INSERT INTO `destoon_member_home` (`groupid`, `type`, `file`, `name`, `pagesize`, `listorder`, `status`) VALUES(6, 'menu', 'honor', '荣誉资质', 10, 60, 2);
INSERT INTO `destoon_member_home` (`groupid`, `type`, `file`, `name`, `pagesize`, `listorder`, `status`) VALUES(5, 'menu', 'news', '新闻动态', 30, 50, 2);
INSERT INTO `destoon_member_home` (`groupid`, `type`, `file`, `name`, `pagesize`, `listorder`, `status`) VALUES(5, 'menu', 'buy', '采购清单', 30, 40, 0);
INSERT INTO `destoon_member_home` (`groupid`, `type`, `file`, `name`, `pagesize`, `listorder`, `status`) VALUES(5, 'menu', 'sell', '供应产品', 16, 30, 0);
INSERT INTO `destoon_member_home` (`groupid`, `type`, `file`, `name`, `pagesize`, `listorder`, `status`) VALUES(1, 'menu', 'contact', '联系方式', 1, 80, 0);
INSERT INTO `destoon_member_home` (`groupid`, `type`, `file`, `name`, `pagesize`, `listorder`, `status`) VALUES(1, 'menu', 'job', '人才招聘', 30, 70, 0);
INSERT INTO `destoon_member_home` (`groupid`, `type`, `file`, `name`, `pagesize`, `listorder`, `status`) VALUES(1, 'menu', 'honor', '荣誉资质', 10, 60, 0);
INSERT INTO `destoon_member_home` (`groupid`, `type`, `file`, `name`, `pagesize`, `listorder`, `status`) VALUES(1, 'menu', 'news', '公司新闻', 30, 50, 0);
INSERT INTO `destoon_member_home` (`groupid`, `type`, `file`, `name`, `pagesize`, `listorder`, `status`) VALUES(1, 'menu', 'buy', '采购清单', 30, 40, 0);
INSERT INTO `destoon_member_home` (`groupid`, `type`, `file`, `name`, `pagesize`, `listorder`, `status`) VALUES(1, 'menu', 'mall', '在线商城', 12, 20, 0);
INSERT INTO `destoon_member_home` (`groupid`, `type`, `file`, `name`, `pagesize`, `listorder`, `status`) VALUES(2, 'menu', 'contact', '联系方式', 1, 80, 0);
INSERT INTO `destoon_member_home` (`groupid`, `type`, `file`, `name`, `pagesize`, `listorder`, `status`) VALUES(2, 'menu', 'job', '人才招聘', 30, 70, 0);
INSERT INTO `destoon_member_home` (`groupid`, `type`, `file`, `name`, `pagesize`, `listorder`, `status`) VALUES(2, 'menu', 'honor', '荣誉资质', 10, 60, 0);
INSERT INTO `destoon_member_home` (`groupid`, `type`, `file`, `name`, `pagesize`, `listorder`, `status`) VALUES(2, 'menu', 'sell', '供应产品', 16, 30, 0);
INSERT INTO `destoon_member_home` (`groupid`, `type`, `file`, `name`, `pagesize`, `listorder`, `status`) VALUES(2, 'menu', 'buy', '采购清单', 30, 40, 0);
INSERT INTO `destoon_member_home` (`groupid`, `type`, `file`, `name`, `pagesize`, `listorder`, `status`) VALUES(3, 'menu', 'news', '公司新闻', 30, 50, 0);
INSERT INTO `destoon_member_home` (`groupid`, `type`, `file`, `name`, `pagesize`, `listorder`, `status`) VALUES(3, 'menu', 'sell', '供应产品', 16, 30, 0);
INSERT INTO `destoon_member_home` (`groupid`, `type`, `file`, `name`, `pagesize`, `listorder`, `status`) VALUES(4, 'menu', 'buy', '采购清单', 30, 40, 0);
INSERT INTO `destoon_member_home` (`groupid`, `type`, `file`, `name`, `pagesize`, `listorder`, `status`) VALUES(4, 'menu', 'sell', '供应产品', 16, 30, 0);
INSERT INTO `destoon_member_home` (`groupid`, `type`, `file`, `name`, `pagesize`, `listorder`, `status`) VALUES(3, 'menu', 'buy', '采购清单', 30, 40, 0);
INSERT INTO `destoon_member_home` (`groupid`, `type`, `file`, `name`, `pagesize`, `listorder`, `status`) VALUES(3, 'menu', 'mall', '在线商城', 12, 20, 0);
INSERT INTO `destoon_member_home` (`groupid`, `type`, `file`, `name`, `pagesize`, `listorder`, `status`) VALUES(6, 'menu', 'buy', '采购清单', 30, 40, 2);
INSERT INTO `destoon_member_home` (`groupid`, `type`, `file`, `name`, `pagesize`, `listorder`, `status`) VALUES(6, 'menu', 'sell', '供应产品', 16, 30, 2);
INSERT INTO `destoon_member_home` (`groupid`, `type`, `file`, `name`, `pagesize`, `listorder`, `status`) VALUES(1, 'menu', 'sell', '供应产品', 16, 30, 0);
INSERT INTO `destoon_member_home` (`groupid`, `type`, `file`, `name`, `pagesize`, `listorder`, `status`) VALUES(1, 'menu', 'introduce', '公司介绍', 1, 10, 0);
INSERT INTO `destoon_member_home` (`groupid`, `type`, `file`, `name`, `pagesize`, `listorder`, `status`) VALUES(5, 'menu', 'mall', '在线商城', 12, 20, 0);
INSERT INTO `destoon_member_home` (`groupid`, `type`, `file`, `name`, `pagesize`, `listorder`, `status`) VALUES(5, 'menu', 'introduce', '公司介绍', 1, 10, 0);
INSERT INTO `destoon_member_home` (`groupid`, `type`, `file`, `name`, `pagesize`, `listorder`, `status`) VALUES(6, 'menu', 'news', '公司新闻', 30, 50, 2);
INSERT INTO `destoon_member_home` (`groupid`, `type`, `file`, `name`, `pagesize`, `listorder`, `status`) VALUES(6, 'menu', 'introduce', '公司介绍', 1, 10, 2);
INSERT INTO `destoon_member_home` (`groupid`, `type`, `file`, `name`, `pagesize`, `listorder`, `status`) VALUES(2, 'menu', 'news', '公司新闻', 30, 50, 0);
INSERT INTO `destoon_member_home` (`groupid`, `type`, `file`, `name`, `pagesize`, `listorder`, `status`) VALUES(3, 'menu', 'introduce', '公司介绍', 1, 10, 0);
INSERT INTO `destoon_member_home` (`groupid`, `type`, `file`, `name`, `pagesize`, `listorder`, `status`) VALUES(4, 'menu', 'mall', '在线商城', 12, 20, 0);
INSERT INTO `destoon_member_home` (`groupid`, `type`, `file`, `name`, `pagesize`, `listorder`, `status`) VALUES(4, 'menu', 'introduce', '公司介绍', 1, 10, 0);
INSERT INTO `destoon_member_home` (`groupid`, `type`, `file`, `name`, `pagesize`, `listorder`, `status`) VALUES(2, 'menu', 'mall', '在线商城', 12, 20, 0);
INSERT INTO `destoon_member_home` (`groupid`, `type`, `file`, `name`, `pagesize`, `listorder`, `status`) VALUES(2, 'menu', 'introduce', '公司介绍', 1, 10, 0);
INSERT INTO `destoon_member_home` (`groupid`, `type`, `file`, `name`, `pagesize`, `listorder`, `status`) VALUES(2, 'main', 'video', '视频', 5, 80, 0);
INSERT INTO `destoon_member_home` (`groupid`, `type`, `file`, `name`, `pagesize`, `listorder`, `status`) VALUES(3, 'main', 'video', '视频', 5, 80, 0);
INSERT INTO `destoon_member_home` (`groupid`, `type`, `file`, `name`, `pagesize`, `listorder`, `status`) VALUES(4, 'main', 'info', '招商代理', 10, 70, 0);
INSERT INTO `destoon_member_home` (`groupid`, `type`, `file`, `name`, `pagesize`, `listorder`, `status`) VALUES(4, 'main', 'video', '视频', 5, 80, 0);
INSERT INTO `destoon_member_home` (`groupid`, `type`, `file`, `name`, `pagesize`, `listorder`, `status`) VALUES(6, 'menu', 'mall', '在线商城', 12, 20, 2);
INSERT INTO `destoon_member_home` (`groupid`, `type`, `file`, `name`, `pagesize`, `listorder`, `status`) VALUES(7, 'main', 'info', '招商代理', 10, 70, 2);
INSERT INTO `destoon_member_home` (`groupid`, `type`, `file`, `name`, `pagesize`, `listorder`, `status`) VALUES(7, 'main', 'photo', '相册', 5, 60, 2);
INSERT INTO `destoon_member_home` (`groupid`, `type`, `file`, `name`, `pagesize`, `listorder`, `status`) VALUES(7, 'main', 'brand', '品牌展示', 5, 50, 2);
INSERT INTO `destoon_member_home` (`groupid`, `type`, `file`, `name`, `pagesize`, `listorder`, `status`) VALUES(7, 'main', 'sell', '最新供应', 10, 40, 2);
INSERT INTO `destoon_member_home` (`groupid`, `type`, `file`, `name`, `pagesize`, `listorder`, `status`) VALUES(7, 'main', 'elite', '推荐产品', 10, 30, 2);
INSERT INTO `destoon_member_home` (`groupid`, `type`, `file`, `name`, `pagesize`, `listorder`, `status`) VALUES(7, 'main', 'introduce', '公司介绍', 1, 20, 2);
INSERT INTO `destoon_member_home` (`groupid`, `type`, `file`, `name`, `pagesize`, `listorder`, `status`) VALUES(7, 'main', 'mall', '热卖商品', 10, 10, 2);
INSERT INTO `destoon_member_home` (`groupid`, `type`, `file`, `name`, `pagesize`, `listorder`, `status`) VALUES(7, 'side', 'link', '友情链接', 10, 70, 2);
INSERT INTO `destoon_member_home` (`groupid`, `type`, `file`, `name`, `pagesize`, `listorder`, `status`) VALUES(7, 'side', 'honor', '荣誉资质', 5, 60, 2);
INSERT INTO `destoon_member_home` (`groupid`, `type`, `file`, `name`, `pagesize`, `listorder`, `status`) VALUES(7, 'side', 'search', '站内搜索', 1, 50, 2);
INSERT INTO `destoon_member_home` (`groupid`, `type`, `file`, `name`, `pagesize`, `listorder`, `status`) VALUES(7, 'side', 'contact', '联系方式', 1, 40, 2);
INSERT INTO `destoon_member_home` (`groupid`, `type`, `file`, `name`, `pagesize`, `listorder`, `status`) VALUES(7, 'side', 'type', '产品分类', 30, 30, 2);
INSERT INTO `destoon_member_home` (`groupid`, `type`, `file`, `name`, `pagesize`, `listorder`, `status`) VALUES(7, 'side', 'news', '新闻中心', 5, 20, 2);
INSERT INTO `destoon_member_home` (`groupid`, `type`, `file`, `name`, `pagesize`, `listorder`, `status`) VALUES(7, 'side', 'announce', '网站公告', 1, 10, 2);
INSERT INTO `destoon_member_home` (`groupid`, `type`, `file`, `name`, `pagesize`, `listorder`, `status`) VALUES(7, 'menu', 'special', '专题', 20, 0, 1);
INSERT INTO `destoon_member_home` (`groupid`, `type`, `file`, `name`, `pagesize`, `listorder`, `status`) VALUES(7, 'menu', 'club', '商圈', 30, 220, 1);
INSERT INTO `destoon_member_home` (`groupid`, `type`, `file`, `name`, `pagesize`, `listorder`, `status`) VALUES(7, 'menu', 'down', '下载', 30, 210, 1);
INSERT INTO `destoon_member_home` (`groupid`, `type`, `file`, `name`, `pagesize`, `listorder`, `status`) VALUES(7, 'menu', 'know', '知道', 30, 190, 1);
INSERT INTO `destoon_member_home` (`groupid`, `type`, `file`, `name`, `pagesize`, `listorder`, `status`) VALUES(7, 'menu', 'resume', '简历', 30, 180, 1);
INSERT INTO `destoon_member_home` (`groupid`, `type`, `file`, `name`, `pagesize`, `listorder`, `status`) VALUES(7, 'menu', 'quote', '行情', 30, 170, 1);
INSERT INTO `destoon_member_home` (`groupid`, `type`, `file`, `name`, `pagesize`, `listorder`, `status`) VALUES(7, 'menu', 'group', '团购', 12, 160, 1);
INSERT INTO `destoon_member_home` (`groupid`, `type`, `file`, `name`, `pagesize`, `listorder`, `status`) VALUES(7, 'menu', 'link', '友情链接', 30, 150, 2);
INSERT INTO `destoon_member_home` (`groupid`, `type`, `file`, `name`, `pagesize`, `listorder`, `status`) VALUES(7, 'menu', 'credit', '诚信档案', 1, 140, 2);
INSERT INTO `destoon_member_home` (`groupid`, `type`, `file`, `name`, `pagesize`, `listorder`, `status`) VALUES(7, 'menu', 'exhibit', '展会信息', 30, 130, 2);
INSERT INTO `destoon_member_home` (`groupid`, `type`, `file`, `name`, `pagesize`, `listorder`, `status`) VALUES(7, 'menu', 'video', '公司视频', 12, 120, 2);
INSERT INTO `destoon_member_home` (`groupid`, `type`, `file`, `name`, `pagesize`, `listorder`, `status`) VALUES(7, 'menu', 'brand', '品牌展示', 12, 110, 2);
INSERT INTO `destoon_member_home` (`groupid`, `type`, `file`, `name`, `pagesize`, `listorder`, `status`) VALUES(7, 'menu', 'invest', '招商代理', 12, 100, 2);
INSERT INTO `destoon_member_home` (`groupid`, `type`, `file`, `name`, `pagesize`, `listorder`, `status`) VALUES(7, 'menu', 'photo', '公司相册', 12, 90, 2);
INSERT INTO `destoon_member_home` (`groupid`, `type`, `file`, `name`, `pagesize`, `listorder`, `status`) VALUES(7, 'menu', 'contact', '联系方式', 1, 80, 2);
INSERT INTO `destoon_member_home` (`groupid`, `type`, `file`, `name`, `pagesize`, `listorder`, `status`) VALUES(7, 'menu', 'job', '人才招聘', 30, 70, 2);
INSERT INTO `destoon_member_home` (`groupid`, `type`, `file`, `name`, `pagesize`, `listorder`, `status`) VALUES(7, 'menu', 'honor', '荣誉资质', 10, 60, 2);
INSERT INTO `destoon_member_home` (`groupid`, `type`, `file`, `name`, `pagesize`, `listorder`, `status`) VALUES(7, 'menu', 'news', '公司新闻', 30, 50, 2);
INSERT INTO `destoon_member_home` (`groupid`, `type`, `file`, `name`, `pagesize`, `listorder`, `status`) VALUES(7, 'menu', 'buy', '采购清单', 30, 40, 2);
INSERT INTO `destoon_member_home` (`groupid`, `type`, `file`, `name`, `pagesize`, `listorder`, `status`) VALUES(7, 'main', 'video', '视频', 5, 80, 2);
INSERT INTO `destoon_member_home` (`groupid`, `type`, `file`, `name`, `pagesize`, `listorder`, `status`) VALUES(7, 'main', 'goods', '橱窗推荐', 8, 0, 2);
INSERT INTO `destoon_member_home` (`groupid`, `type`, `file`, `name`, `pagesize`, `listorder`, `status`) VALUES(7, 'menu', 'sell', '供应产品', 16, 30, 2);
INSERT INTO `destoon_member_home` (`groupid`, `type`, `file`, `name`, `pagesize`, `listorder`, `status`) VALUES(7, 'menu', 'mall', '在线商城', 12, 20, 2);
INSERT INTO `destoon_member_home` (`groupid`, `type`, `file`, `name`, `pagesize`, `listorder`, `status`) VALUES(7, 'menu', 'introduce', '公司介绍', 1, 10, 2);

ALTER TABLE  `destoon_finance_charge` AUTO_INCREMENT =10000;
ALTER TABLE  `destoon_order` AUTO_INCREMENT =10000;
ALTER TABLE  `destoon_order_service` AUTO_INCREMENT =10000;
ALTER TABLE  `destoon_group_order_17` AUTO_INCREMENT =10000;
ALTER TABLE  `destoon_contract` AUTO_INCREMENT =10000;
ALTER TABLE  `destoon_invoice` AUTO_INCREMENT =10000;
ALTER TABLE  `destoon_module` AUTO_INCREMENT =100;